feature,coefficient
amount_zscore,2.827053633449231
txn_count_last_1h,1.090325045856172
region_mismatch,0.34806215613075236
is_new_device,0.3098675971536932
txn_count_last_24h,-0.21466879966482277
is_odd_hour,-0.2111758267234823
account_age_days,0.17202447468730908
